Computer Name,Computer Last Seen,Publisher Name,Component Name,Component Version,Component Detailed Version,Installation Path,Total Runs,Last Used,Average Runs per Day
P04-WC-DSK-03,5/31/2025 21:20,TeamViewer,TeamViewer,8,8.0.16642.0,C:\Users\Public\Desktop,1,7/18/2023 18:53,0
SNDPERFTEST4,6/2/2025 4:53,TeamViewer,TeamViewer,15.13,15.13.6.0,C:\Users\HD\Desktop,0,,0
SNDPERFTEST6,6/2/2025 4:54,TeamViewer,TeamViewer,15.13,15.13.6.0,C:\Users\HD\Desktop,0,,0
SNDPERFTEST2,6/2/2025 4:59,TeamViewer,TeamViewer,15.13,15.13.6.0,C:\Users\HD\Desktop,0,,0
SNDPERFTEST1,6/2/2025 4:32,TeamViewer,TeamViewer,15.13,15.13.6.0,C:\Users\HD\Desktop,0,,0
SNDPERFTEST3,6/2/2025 4:52,TeamViewer,TeamViewer,15.13,15.13.6.0,C:\Users\HD\Desktop,0,,0
SNDPERFTEST5,6/2/2025 4:50,TeamViewer,TeamViewer,15.13,15.13.6.0,C:\Users\HD\Desktop,0,,0
LOBBY-6924,6/2/2025 4:41,TeamViewer,TeamViewer,15.33,15.33.7.0,C:\Users\Lobby\Desktop\TeamViewerPortable,2,8/29/2023 19:35,0.027
DCASTNER-6132,5/23/2025 22:24,TeamViewer,TeamViewer,8,8.0.16642.0,D:\dcastner\Downloads,0,,0
USERSUPPORT,6/2/2025 4:48,TeamViewer,TeamViewer,8,8.0.16642.0,D:\Data\Source\Teamviewer\TeamViewerPortable,0,,0
CHAPELPWR-5388,6/2/2025 4:31,TeamViewer,TeamViewer,8,8.0.16642.0,C:\Users\Power\Desktop,0,,0
JDC-FEDEX,6/2/2025 4:40,TeamViewer,TeamViewer,8,8.0.16642.0,C:\Users\jrutledge\Desktop,0,,0
JDC-FEDEX,6/2/2025 4:40,TeamViewer,TeamViewer,11,11.0.53254.0,C:\Users\alingnau\Desktop,0,,0
SMCCORMICK-7461,6/2/2025 3:35,TeamViewer,TeamViewer,8,8.0.16642.0,C:\Users\srobertson\Desktop,7,5/16/2025 15:12,0.012
P01-WC-DSK-22,6/2/2025 4:56,TeamViewer,TeamViewer,15.13,15.13.6.0,C:\Users\HD\Desktop,2,1/7/2025 19:52,2
